{"train_mean_loss": 3.0356575895528324, "_timestamp": 1701139979.301323, "_runtime": 12.1231210231781, "_step": 243, "train_accuracy": 0.0, "_wandb": {"runtime": 11}}