{"train_mean_loss": 3.030790902067114, "_timestamp": 1701140034.5507004, "_runtime": 22.189090490341187, "_step": 539, "train_accuracy": "0.0", "_wandb": {"runtime": 21}}