{"mean_loss": NaN, "_timestamp": 1701137225.2435544, "_runtime": 2.9833953380584717, "_step": 1, "_wandb": {"runtime": 5}}