{"train_mean_loss": 0.4426270580532923, "_timestamp": 1701143218.6167243, "_runtime": 66.46941232681274, "_step": 1729, "train_true_positive": 0.0, "_wandb": {"runtime": 65}}