{"0_train_mean_loss": 21.939058845457822, "_timestamp": 1701149022.5794992, "_runtime": 29.429588317871094, "_step": 275, "0_train_mean_tp": 0.0, "0_train_mean_fp": 0.0, "_wandb": {"runtime": 28}}