{"train_mean_loss": NaN, "_timestamp": 1701139194.2191026, "_runtime": 3.2595226764678955, "_step": 9, "train_accuracy": 0.0, "_wandb": {"runtime": 2}}