{"train_mean_loss": 3.060617963628657, "_timestamp": 1701140924.947321, "_runtime": 129.91560101509094, "_step": 3573, "train_accuracy": 0.0, "_wandb": {"runtime": 129}}