{"train_mean_loss": NaN, "_timestamp": 1701137904.1702046, "_runtime": 69.18106269836426, "_step": 1815, "train_accuracy": "0.0000 ", "_wandb": {"runtime": 68}}