{"mean_loss": NaN, "_timestamp": 1701137346.0125473, "_runtime": 49.63826131820679, "_step": 633, "_wandb": {"runtime": 48}}