{"train_mean_loss": 0.76938730299217, "_timestamp": 1701141640.4242911, "_runtime": 85.3629081249237, "_step": 2329, "t_accuracy": 0.0, "_wandb": {"runtime": 84}}