{"train_mean_loss": 3.0420567989349365, "_timestamp": 1701139350.0014184, "_runtime": 3.3880693912506104, "_step": 15, "train_accuracy": 0.0, "_wandb": {"runtime": 2}}