{"train_mean_loss": NaN, "_timestamp": 1701139001.6893842, "_runtime": 3.894644260406494, "_step": 21, "train_accuracy": 0.0, "_wandb": {"runtime": 3}}