{"0_train_mean_loss": 9.200970071743965, "_timestamp": 1701147039.6485317, "_runtime": 177.97716164588928, "_step": 7466, "0_train_mean_tp": 0.13262660801410675, "0_train_mean_fp": 0.986331582069397, "_wandb": {"runtime": 177}}