{"train_mean_loss": 0.7185502357769993, "_timestamp": 1701141539.8015537, "_runtime": 197.86950373649597, "_step": 5447, "t_accuracy": 0.0, "_wandb": {"runtime": 197}}