{"0_train_mean_loss": 0.1753712232437204, "_timestamp": 1701146722.1413581, "_runtime": 576.8922002315521, "_step": 23576, "0_train_mean_tp": 0.01397505309432745, "0_train_mean_fp": 0.9985854029655457, "0_test_mean_loss": 0.09292246676981449, "0_test_mean_tp": 0.9995778203010559, "0_test_mean_fp": 0.8968499898910522, "1_train_mean_loss": 0.09504669062474526, "1_train_mean_tp": 0.0002351839211769402, "1_train_mean_fp": 0.9999759197235107, "_wandb": {"runtime": 576}}