{"train_mean_loss": 31.279594127948467, "_timestamp": 1701139467.6401813, "_runtime": 3.840259313583374, "_step": 25, "train_accuracy": 0.0, "_wandb": {"runtime": 3}}