{"0_train_mean_loss": 0.3239540159702301, "_timestamp": 1701145844.1163278, "_runtime": 2.955378770828247, "_step": 1, "0_train_true_positive": 0.30000001192092896, "_wandb": {"runtime": 2}}