{"train_mean_loss": NaN, "_timestamp": 1701137921.7406576, "_runtime": 3.9126884937286377, "_step": 29, "train_accuracy": 0.0, "_wandb": {"runtime": 3}}