{"0_train_mean_loss": 1.134633082777318, "_timestamp": 1701149840.5657048, "_runtime": 558.3172209262848, "_step": 5978, "0_train_mean_tp": 0.09689886095151097, "0_train_mean_fp": 0.835138796199774, "0_test_mean_loss": 0.11180971115827561, "0_test_mean_tp": 0.0, "0_test_mean_fp": 0.0, "1_train_mean_loss": 0.19339008151281695, "1_train_mean_tp": 0.09841508534370953, "1_train_mean_fp": 0.8480846048559536, "_wandb": {"runtime": 557}}