{"0_train_mean_loss": 8.391577619705297, "_timestamp": 1701148953.6648884, "_runtime": 829.0936734676361, "_step": 8636, "0_train_mean_tp": 0.11730159819126129, "0_train_mean_fp": 0.9878509640693665, "0_test_mean_loss": 0.12981476390361785, "0_test_mean_tp": 0.033278513699769974, "0_test_mean_fp": 0.9966248273849487, "1_train_mean_loss": 0.21816873171227447, "1_train_mean_tp": 0.016278134658932686, "1_train_mean_fp": 0.9983193874359131, "1_test_mean_loss": 0.12978423345088957, "1_test_mean_tp": 0.0034436776768416166, "1_test_mean_fp": 0.9996500015258789, "2_train_mean_loss": 0.12299386309700505, "2_train_mean_tp": 0.004630198702216148, "2_train_mean_fp": 0.9995217323303223, "_wandb": {"runtime": 828}}