{"0_train_mean_loss": 34.92137069231184, "_timestamp": 1701148084.522942, "_runtime": 952.8862271308899, "_step": 39314, "0_train_mean_tp": 0.18048278987407684, "0_train_mean_fp": 0.9813443422317505, "0_test_mean_loss": 69.27310850717872, "0_test_mean_tp": 0.7404004335403442, "0_test_mean_fp": 0.9252497553825378, "1_train_mean_loss": 0.379122129234321, "1_train_mean_tp": 0.025046149268746376, "1_train_mean_fp": 0.9974288940429688, "1_test_mean_loss": 0.36292986852675674, "1_test_mean_tp": 0.9891482591629028, "1_test_mean_fp": 0.9000748991966248, "2_train_mean_loss": 0.1025330143935472, "2_train_mean_tp": 0.00508671160787344, "2_train_mean_fp": 0.9994632005691528, "_wandb": {"runtime": 951}}