{"train_mean_loss": NaN, "_timestamp": 1701138003.343131, "_runtime": 3.932453155517578, "_step": 27, "train_accuracy": 0.0, "_wandb": {"runtime": 3}}