{"train_mean_loss": 2.9909151900898325, "_timestamp": 1701139956.9804718, "_runtime": 3.72460675239563, "_step": 21, "train_accuracy": 0.0, "_wandb": {"runtime": 2}}