{"0_train_mean_loss": 12.762444894760847, "_timestamp": 1701149151.6770897, "_runtime": 4.161536693572998, "_step": 11, "0_train_mean_tp": 1.4228188478188488, "0_train_mean_fp": 12.937710900210895, "_wandb": {"runtime": 3}}