{"train_mean_loss": NaN, "_timestamp": 1701138668.5384827, "_runtime": 3.496969699859619, "_step": 17, "train_accuracy": 0.0, "_wandb": {"runtime": 2}}