{"train_mean_loss": 2.9842800458272296, "_timestamp": 1701139921.400593, "_runtime": 4.003558158874512, "_step": 29, "train_accuracy": 0.0, "_wandb": {"runtime": 3}}