{"train_mean_loss": NaN, "_timestamp": 1701138715.9669785, "_runtime": 4.384487628936768, "_step": 29, "train_accuracy": 0.0, "_wandb": {"runtime": 3}}