{"train_mean_loss": 0.6933265980929847, "_timestamp": 1701143498.4903986, "_runtime": 113.99989652633667, "_step": 2933, "train_true_positive": 0.0, "_wandb": {"runtime": 113}}