{"0_train_mean_loss": 24.163903523236513, "_timestamp": 1701149070.7415464, "_runtime": 4.4655303955078125, "_step": 11, "0_train_mean_tp": 0.0, "0_train_mean_fp": 0.0, "_wandb": {"runtime": 3}}