{"train_mean_loss": 2.595708884737071, "_timestamp": 1701143607.0129461, "_runtime": 7.842771053314209, "_step": 135, "train_true_positive": 0.25, "_wandb": {"runtime": 7}}