{"train_mean_loss": 3.054707997831805, "_timestamp": 1701141040.5704947, "_runtime": 94.24885773658752, "_step": 2551, "train_accuracy": 0.25, "_wandb": {"runtime": 93}}