{"train_mean_loss": NaN, "_timestamp": 1701138701.217516, "_runtime": 3.1203620433807373, "_step": 5, "train_accuracy": 0.0, "_wandb": {"runtime": 2}}