{"train_mean_loss": NaN, "_timestamp": 1701138633.9546244, "_runtime": 4.110263347625732, "_step": 33, "train_accuracy": 0.0, "_wandb": {"runtime": 3}}