{"train_mean_loss": 3.0331798996712336, "_timestamp": 1701140776.558629, "_runtime": 172.72615814208984, "_step": 4655, "test_accuracy": 0.0, "_wandb": {"runtime": 171}}