{"mean_loss": NaN, "_timestamp": 1701136948.0761492, "_runtime": 5.049897193908691, "_step": 28, "_wandb": {"runtime": 4}}