{"train_mean_loss": NaN, "_timestamp": 1701139180.0195782, "_runtime": 3.762456178665161, "_step": 19, "train_accuracy": 0.0, "_wandb": {"runtime": 2}}