{"train_mean_loss": 0.7053305506706238, "_timestamp": 1701142669.7942753, "_runtime": 2.973318338394165, "_step": 0, "_wandb": {"runtime": 2}}