{"mean_loss": NaN, "_timestamp": 1701137275.4588828, "_runtime": 3.5913407802581787, "_step": 6, "_wandb": {"runtime": 5}}