{"train_mean_loss": 0.5499046599845158, "_timestamp": 1701143346.0863962, "_runtime": 114.89617824554443, "_step": 3009, "train_true_positive": 0.0, "_wandb": {"runtime": 114}}