{"0_train_mean_loss": 0.1347768044066796, "_timestamp": 1701146846.274556, "_runtime": 112.0170328617096, "_step": 4481, "0_train_mean_tp": 0.03240417689085007, "0_train_mean_fp": 0.9966986179351807, "_wandb": {"runtime": 111}}