{"train_mean_loss": 3.0175516908819024, "_timestamp": 1701139853.828137, "_runtime": 7.028329849243164, "_step": 109, "train_accuracy": 0.0, "_wandb": {"runtime": 6}}