{"0_train_mean_loss": 29.803448260575532, "_timestamp": 1701149210.9257922, "_runtime": 46.08189821243286, "_step": 449, "0_train_mean_tp": 1.5113828856328908, "0_train_mean_fp": 13.10826536154472, "_wandb": {"runtime": 45}}