{"mean_loss": NaN, "_timestamp": 1701137205.7086902, "_runtime": 3.4872031211853027, "_step": 9, "_wandb": {"runtime": 2}}