{"train_mean_loss": NaN, "_timestamp": 1701137964.5426795, "_runtime": 3.995105504989624, "_step": 31, "train_accuracy": 0.0, "_wandb": {"runtime": 3}}